{"cameraMode":{"drawMode":0,"name":"Shaded","section":"Shading Mode"},"sceneLighting":false,"audioPlay":false,"sceneViewState":{"showFog":true,"showMaterialUpdate":false,"showSkybox":true,"showFlares":true,"showImageEffects":true,"showParticleSystems":true},"in2DMode":false,"pivot":{"x":7.789682388305664,"y":12.664445877075196,"z":8.93918228149414},"rotation":{"x":0.20092013478279115,"y":-0.7191034555435181,"z":0.23172399401664735,"w":0.6235586404800415},"size":188.9516143798828,"orthographic":false}