{"cameraMode":{"drawMode":0,"name":"Shaded","section":"Shading Mode"},"sceneLighting":false,"audioPlay":false,"sceneViewState":{"showFog":true,"showMaterialUpdate":false,"showSkybox":true,"showFlares":true,"showImageEffects":true,"showParticleSystems":true},"in2DMode":false,"pivot":{"x":0.0,"y":1.142207145690918,"z":0.025000005960464479},"rotation":{"x":-0.10885421931743622,"y":0.7282988429069519,"z":-0.1190531775355339,"w":-0.6660014986991882},"size":3.1961567401885988,"orthographic":false}