{"cameraMode":{"drawMode":0,"name":"Shaded","section":"Shading Mode"},"sceneLighting":false,"audioPlay":false,"sceneViewState":{"showFog":true,"showMaterialUpdate":false,"showSkybox":true,"showFlares":true,"showImageEffects":true,"showParticleSystems":true},"in2DMode":false,"pivot":{"x":52.230079650878909,"y":2.5554122924804689,"z":84.07797241210938},"rotation":{"x":-0.10885421931743622,"y":0.7282988429069519,"z":-0.1190531775355339,"w":-0.6660014986991882},"size":83.31954193115235,"orthographic":false}