{"cameraMode":{"drawMode":2,"name":"Shaded Wireframe","section":"Shading Mode"},"sceneLighting":true,"audioPlay":false,"sceneViewState":{"showFog":false,"showMaterialUpdate":false,"showSkybox":false,"showFlares":false,"showImageEffects":false,"showParticleSystems":true},"in2DMode":false,"pivot":{"x":-1.094980239868164,"y":0.5976181030273438,"z":0.8119850158691406},"rotation":{"x":-0.08819576352834702,"y":0.8818470239639282,"z":-0.18271973729133607,"w":-0.42565351724624636},"size":12.917438507080079,"orthographic":false}