{"cameraMode":{"drawMode":2,"name":"Shaded Wireframe","section":"Shading Mode"},"sceneLighting":true,"audioPlay":false,"sceneViewState":{"showFog":false,"showMaterialUpdate":false,"showSkybox":false,"showFlares":false,"showImageEffects":false,"showParticleSystems":true},"in2DMode":false,"pivot":{"x":-6.679452896118164,"y":-0.17093467712402345,"z":1.215127944946289},"rotation":{"x":-0.23343944549560548,"y":-0.15671569108963014,"z":0.03815134987235069,"w":-0.9589008092880249},"size":30.563934326171876,"orthographic":false}